{
    "weights": {
        "Gryffindor": {
            "bias": -1.9771201850026965,
            "Astronomy": 1.551887721850214
        },
        "Hufflepuff": {
            "bias": -1.3813092033575844,
            "Astronomy": 1.9739788722499982
        },
        "Ravenclaw": {
            "bias": -1.8306658713046249,
            "Astronomy": -2.0491730438668765
        },
        "Slytherin": {
            "bias": -2.4355147212942434,
            "Astronomy": -1.8916804195814894
        }
    },
    "normalization_params": {
        "Astronomy": {
            "mean": 39.79713089016475,
            "std": 520.2982676051708
        }
    }
}