{
    "weights": {
        "Gryffindor": [
            -3.391042707920154,
            1.2723294405571957,
            -1.2723294405571965,
            -2.2310612468005693,
            2.671532918313769
        ],
        "Hufflepuff": [
            -1.9022292790120248,
            1.27904247174199,
            -1.27904247174199,
            2.176257070694602,
            -2.6045838250743305
        ],
        "Ravenclaw": [
            -2.5450106164025996,
            -1.2628960626297583,
            1.2628960626297585,
            2.2016718035784737,
            2.1998250483205832
        ],
        "Slytherin": [
            -3.5640290146517364,
            -1.3779464333139173,
            1.377946433313917,
            -2.2218427170893875,
            -2.596178528662783
        ]
    },
    "normalization_params": {
        "Astronomy": {
            "mean": 39.47007203478073,
            "std": 521.502203299373
        },
        "Defense Against the Dark Arts": {
            "mean": -0.3947007203478073,
            "std": 5.215022032993731
        },
        "Herbology": {
            "mean": 1.127431182815178,
            "std": 5.2240350836243845
        },
        "Ancient Runes": {
            "mean": 495.7477678139318,
            "std": 106.33868750249708
        }
    }
}